rise_time,settling_time,overshoot,undershoot,peak,peak_time,itae
0.260744636542487,6.98649715314896,65.722607796618,-0,1.50656916178744,0.752214151872277,5.22645483323821
