controller_name,itae,rise_time,settling_time,overshoot
2DoF,0.132437145618099,0.647939196837524,1.0137242608687,1.14102322626213
1DoF,0.385507450059372,0.363805245728118,2.99781552959896,27.1897213042821
