controller_name,itae,rise_time,settling_time,overshoot
2DoF,0.132437145618099,0.647939196837524,1.0137242608687,1.14102322626213
1DoF,0.13245433181104,0.645065397706679,1.00654209129064,1.21395997642215
