controller_name,itae
Classical PID,0.155055838869211
1DoF FOPID,0.156758176367902
2DoF FOPID,0.132426185072855
