controller_name,itae,rise_time,settling_time,overshoot
2DoF,0.132437145618099,0.647939196837524,1.0137242608687,1.14102322626213
1DoF,0.156781074781439,0.492585738466151,1.64440084038393,7.88660889950918
