scenario_name,attack_type,attack_magnitude,attack_slope,attack_frequency,attack_start_time,attack_detected,detection_time,detection_delay,confidence,residual_baseline_sigma,residual_abs_max,residual_abs_mean,residual_rms,residual_peak_to_sigma,detector_threshold,itae_1dof,itae_2dof,itae_pid,itae_res,delta_itae_res_1dof,delta_itae_res_pid,delta_itae_res_2dof,mode_transitions,final_mode,first_switch_time,last_switch_time
bias_small,bias,0.1,NaN,NaN,5,1,5.002,0.00199999999999978,0.129995708188258,0.00438719474139769,0.100002933241896,0.00214579274739236,0.0108161051230859,22.7942772401384,0.0131615842241931,30.0003042375664,29.9206609816697,56.3275271995381,54.5744365447976,24.5741323072312,-1.75309065474042,24.6537755631279,1,2,5.002,5.002
bias_large,bias,0.5,NaN,NaN,5,1,5.002,0.00199999999999978,0.649954883181064,0.00438719474139769,0.500002933241896,0.00902609971372554,0.0532165278658937,113.968711833978,0.0131615842241931,149.374096243383,149.074650342856,165.201916372482,163.475708481802,14.1016122384187,-1.72620789068051,14.4010581389463,1,2,5.002,5.002
ramp,ramp,NaN,0.05,NaN,5,1,5.143,0.143,0.0133505021086117,0.00438719474139769,0.0210400054593718,0.0167504015693804,0.0184290322516029,4.7957765040238,0.0131615842241931,178.898513152451,177.453994942372,194.045849231924,192.220445556468,13.3219324040164,-1.82540367545604,14.7664506140954,1,2,5.143,5.143
sine,sine,0.1,NaN,1,5,1,5.017,0.0170000000000003,0.0158399997322713,0.00438719474139769,0.128743436733104,0.0613693246560738,0.0758239934727503,29.3452751295212,0.0131615842241931,7.86390100917413,6.9385492017886,30.2643942042662,28.2866954340151,20.4227944248409,-1.97769877025115,21.3481462322265,1,2,5.017,5.017
