scenario_name,attack_type,attack_magnitude,attack_slope,attack_frequency,attack_start_time,attack_detected,detection_time,detection_delay,confidence,residual_baseline_sigma,residual_abs_max,residual_abs_mean,residual_rms,residual_peak_to_sigma,detector_threshold,itae_1dof,itae_2dof,itae_pid,itae_res,delta_itae_res_1dof,delta_itae_res_pid,delta_itae_res_2dof,mode_transitions,final_mode,first_switch_time,last_switch_time
bias_small,bias,0.1,NaN,NaN,5,1,5.02,0.0200000000000005,0.129993673035706,0.00804518249749775,0.100001775789182,0.00239352357373561,0.0113303116842741,12.4300195577024,0.0241355474924932,205.37735426768,29.92570004152,56.7068652707651,54.6021231070177,-150.775231160662,-2.10474216374737,24.6764230654976,1,2,5.02,5.02
bias_large,bias,0.5,NaN,NaN,5,1,5.02,0.0200000000000005,0.649952848027147,0.00804518249749775,0.500001775789182,0.00928896847512218,0.0536673154666596,62.1492148804201,0.0241355474924932,284.009806097238,149.109555636607,165.606964391469,163.631554782898,-120.378251314341,-1.97540960857177,14.5219991462905,1,2,5.02,5.02
ramp,ramp,NaN,0.05,NaN,5,1,5.36,0.36,0.0259552338518855,0.00804518249749775,0.0333134693044938,0.0169958931248992,0.0186967203080366,4.14079721806872,0.0241355474924932,223.919164265685,177.585141353574,194.54115569975,192.237131071436,-31.6820331942484,-2.30402462831373,14.6519897178619,1,2,5.36,5.36
sine,sine,0.1,NaN,1,5,1,5.06,0.0600000000000005,0.0473609715695267,0.00804518249749775,0.130465948264271,0.0624858092954199,0.0769817045909413,16.2166549117872,0.0241355474924932,191.92059834288,7.13205817487718,31.3201884472735,28.6520231437176,-163.268575199163,-2.66816530355587,21.5199649688404,1,2,5.06,5.06
