scenario,itae_pid,itae_aug_pid,itae_1d,itae_aug_1d,itae_2d,itae_aug_2d,u_jump_aug_pid,u_jump_aug_1d,u_jump_aug_2d
bias_small,56.3573467972799,32.2911590841688,30.0011928352456,3.63265935041577,29.9212185470624,3.64215653103303,4.39112466508185e-05,6.08711580696308e-07,-1.13743364060781e-07
bias_large,165.234571364723,44.9057787439873,149.378229798886,17.4540627310358,149.078529578676,17.4326185399517,4.39112466508185e-05,6.08711580696308e-07,-1.13743364060781e-07
ramp,194.088556879168,47.0494822240083,178.913472530557,19.5702458744678,177.468561140923,19.4241798189542,4.39112466508185e-05,6.08711580696308e-07,-1.13743364060781e-07
sine,30.3544028544235,29.1472511281406,7.88845513278463,0.296803567117476,6.95958568158723,0.301285686069734,4.39112466508185e-05,6.08711580696308e-07,-1.13743364060781e-07
